MMTC Name,Dispensing Locations,Medical Marijuana (mgs THC) ,Low-THC Cannabis (mgs CBD),Marijuana in a Form for Smoking (oz)
MMTC Dispensations for March 25 – 31 2022
Trulieve,113,"117,359,838","1,686,581","38,129.913"
Liberty Health Sciences,45,"29,697,363","74,290","4,022.855"
Curaleaf,45,"43,287,300","326,436","13,058.871"
AltMed Florida (MüV),44,"28,312,992","360,929","5,964.294"
Surterra Wellness,43,"21,880,407","1,146,987","4,329.816"
Fluent,27,"10,693,513","112,200","2,618.207"
VidaCann,25,"4,698,477","116,154",995.128
GrowHealthy,18,"4,049,385","20,503","2,554.063"
Sunnyside*,16,"3,124,802","1,854","2,208.690"
Cannabist,14,"3,978,785","27,057","1,279.798"
GTI (Rise Dispensaries),7,"1,557,315","18,629","1,752.353"
MedMen,7,"1,489,313","10,930",720.051
"Sanctuary Medicinals, LLC",7,"554,720","7,672",529.583
Green Dragon,3,0,0,94.304
HT Medical Cannabis,1,"34,320",0,159.117
Insa – Cannabis for Real Life,0,0,0,0
Revolution Florida,0,0,0,0
Jungle Boys,0,0,0,0
The Flowery,0,"6,000",0,66.608
Gold Leaf Florida,0,0,0,0
"Cookies Florida, Inc.",0,0,0,8.077
"Planet 13 Florida, Inc.",N/A,N/A,N/A,N/A
Total,415,"270,724,530","3,910,222","78,491.728"
MMTC Dispensations for April 8 – 14 2022
Trulieve,114,"100,621,599","1,609,250","38,418.911"
Liberty Health Sciences,45,"25,430,542","63,314","3,303.822"
Curaleaf,45,"28,406,002","258,577","11,622.025"
MüV,44,"23,834,828","293,737","6,678.152"
Surterra Wellness,44,"21,578,293","1,082,212","4,005.469"
Fluent,27,"9,671,300","70,320","2,605.826"
VidaCann,25,"5,439,194","98,749",931.670
GrowHealthy,18,"9,581,201","14,179","3,503.232"
Sunnyside*,16,"3,177,836","2,196","2,090.895"
Cannabist,14,"3,705,653","17,275","1,537.365"
GTI (Rise Dispensaries),7,"1,182,855","3,082","1,482.445"
MedMen,7,"1,228,961","5,656",540.160
Sanctuary Cannabis,7,"596,432","6,591",525.642
Green Dragon,3,0,0,77.194
HT Medical Cannabis,2,"95,486",0,136.500
Insa – Cannabis for Real Life,0,0,0,0
Revolution Florida,0,0,0,0
Jungle Boys,0,0,0,0
The Flowery,0,"5,000",0,64.629
Gold Leaf Florida,0,0,0,0
"Cookies Florida, Inc.",0,0,0,0.980
"Planet 13 Florida, Inc.",N/A,N/A,N/A,N/A
Total,418,"234,555,182","3,525,138","77,524.917"
MMTC Dispensations for April 15 – 21 2022
Trulieve,115,"128,035,566","1,900,545","43,877.719"
Liberty Health Sciences,45,"29,056,686","61,514","5,158.267"
Curaleaf,45,"46,453,802","385,177","14,075.330"
MüV,45,"42,215,439","472,073","10,065.619"
Surterra Wellness,44,"41,808,083","1,787,632","6,702.154"
Fluent,27,"15,393,438","41,850","3,855.865"
VidaCann,25,"5,365,087","108,051","1,243.819"
GrowHealthy,18,"9,611,856","90,822","4,022.591"
Sunnyside*,16,"5,023,343",0,"3,533.253"
Cannabist,14,"6,298,619","41,467","2,390.177"
GTI (Rise Dispensaries),7,"1,689,958","52,131","1,522.134"
MedMen,7,"1,533,346","21,640",725.471
Sanctuary Cannabis,7,"805,877","7,943",618.655
Green Dragon,3,0,0,137.802
HT Medical Cannabis,2,"216,847",0,195.221
Insa – Cannabis for Real Life,0,0,0,0
Revolution Florida,0,0,0,0
Jungle Boys,0,0,0,0
The Flowery,0,"26,500",0,87.566
Gold Leaf Florida,0,0,0,0
"Cookies Florida, Inc.",0,0,0,0
"Planet 13 Florida, Inc.",N/A,N/A,N/A,N/A
Total,420,"333,534,447","4,970,845","98,211.643"
MMTC Dispensations for April 22 – 28 2022
Trulieve,115,"89,682,550","1,488,078","33,088.980"
Liberty Health Sciences,46,"22,415,367","51,965","4,090.390"
Curaleaf,46,"30,781,468","238,249","10,291.455"
MüV,45,"20,310,813","305,506","5,692.048"
Surterra Wellness,44,"20,493,843","1,103,101","3,871.855"
Fluent,27,"8,877,313","30,250","2,530.449"
VidaCann,25,"4,018,542","75,084",801.070
GrowHealthy,18,"7,170,003","48,035","3,659.881"
Sunnyside*,16,"2,924,523","1,471","2,034.061"
Cannabist,14,"3,493,601","21,901","1,283.487"
Sanctuary Cannabis,8,"520,813","10,832",549.824
GTI (Rise Dispensaries),7,"1,003,722","16,611","1,394.771"
MedMen,7,"1,218,735","16,591",459.498
Green Dragon,3,0,0,66.034
HT Medical Cannabis,2,"87,538",0,119.325
Insa – Cannabis for Real Life,0,0,0,0
Revolution Florida,0,0,0,0
Jungle Boys,0,0,0,0
The Flowery,0,"22,000",0,63.827
Gold Leaf Florida,0,0,0,0
"Cookies Florida, Inc.",0,0,0,0
"Planet 13 Florida, Inc.",N/A,N/A,N/A,N/A
Total,423,"213,020,831","3,407,674","69,996.955"
MMTC Dispensations for April 1 – 7 2022
Trulieve,113,"93,985,557","1,584,616","32,729.615"
Liberty Health Sciences,45,"25,646,831","71,334","3,195.794"
Curaleaf,45,"33,097,702","277,674","10,820.442"
MüV,44,"27,867,187","352,376","5,989.599"
Surterra Wellness,43,"26,748,649","1,064,543","4,058.787"
Fluent,27,"8,856,493","117,330","2,595.697"
VidaCann,25,"4,888,388","72,150",952.454
GrowHealthy,18,"7,881,525","18,640","3,260.107"
Sunnyside*,16,"3,040,343",729,"2,245.620"
Cannabist,14,"4,051,024","24,474","1,642.283"
GTI (Rise Dispensaries),7,"1,122,896","14,180","1,490.559"
MedMen,7,"1,250,019","12,550",592.638
Sanctuary Cannabis,7,"554,265","9,234",560.007
Green Dragon,3,0,0,70.997
HT Medical Cannabis,2,"74,117",695,160.550
Insa – Cannabis for Real Life,0,0,0,0
Revolution Florida,0,0,0,0
Jungle Boys,0,0,0,0
The Flowery,0,"5,500",0,53.026
Gold Leaf Florida,0,0,0,0
"Cookies Florida, Inc.",0,0,0,1.103
"Planet 13 Florida, Inc.",N/A,N/A,N/A,N/A
Total,416,"239,070,496","3,620,525","70,419.278"
MMTC Dispensations for August 5  – 11 2022
Trulieve,119,"86,564,451","895,240","37,589.374"
MüV,55,"26,013,900","116,633","6,611.363"
Curaleaf,51,"37,263,338","230,915","11,307.133"
Liberty Health Sciences,49,"30,262,410",0,"5,323.533"
Surterra Wellness,45,"27,871,156","1,618,788","5,225.986"
Fluent,27,"11,041,830","14,700","2,687.319"
VidaCann,25,"4,654,439","109,113","1,484.351"
GrowHealthy,18,"8,043,863","23,147","3,969.872"
Sunnyside*,17,"3,413,720","52,936","1,771.270"
Cannabist,14,"3,262,222","16,618","1,198.503"
Sanctuary Cannabis,11,"693,826","25,277",664.823
Green Dragon,9,0,0,163.795
GTI (Rise Dispensaries),7,"1,548,879","10,300","1,224.565"
Green Sentry Holdings,7,"701,180","5,500",373.546
HT Medical Cannabis,3,"497,419",0,436.674
Jungle Boys,1,"522,657",0,784.589
Insa – Cannabis for Real Life,1,0,0,0
The Flowery,1,"3,754,548","7,510",542.320
"Cookies Florida, Inc.",1,0,0,0.124
Revolution Florida,0,0,0,0
Gold Leaf,0,0,0,0
"Planet 13 Florida, Inc.",N/A,N/A,N/A,N/A
Total,461*,"246,109,838","3,126,677","81,359.140"
MMTC Dispensations for August 12 – 18 2022
Trulieve,120,"91,051,397","1,061,053","38,066.575"
MüV,56,"27,253,778","126,173","6,805.306"
Curaleaf,51,"42,390,875","307,475","12,684.337"
Liberty Health Sciences,49,"30,452,368",0,"4,567.340"
Surterra Wellness,45,"21,078,217","1,051,730","4,317.279"
Fluent,27,"13,575,598","16,300","2,211.511"
VidaCann,25,"5,232,733","107,274","1,341.547"
GrowHealthy,18,"6,373,723","10,423","2,618.757"
Sunnyside*,17,"3,102,103","31,860","1,802.675"
Cannabist,14,"3,177,984","4,800","1,373.562"
Sanctuary Cannabis,11,"722,045","24,054",869.688
Green Dragon,9,"336,201",0,206.243
GTI (Rise Dispensaries),7,"1,475,755","11,330","2,300.719"
Green Sentry Holdings,7,"688,131","7,210",342.059
HT Medical Cannabis,3,"1,004,805","2,387",314.671
Jungle Boys,1,"298,464",0,261.389
Insa – Cannabis for Real Life,1,"72,547","1,202",26.381
The Flowery,1,"1,171,619","17,740",370.196
"Cookies Florida, Inc.",1,"441,627",0,580.189
"Planet 13 Florida, Inc.",0,0,0,0
Revolution Florida,0,0,0,0
Gold Leaf,0,0,0,0
Total,463*,"249,899,970","2,781,011","81,060.424"
MMTC Dispensations for August 19 – 25 2022
Trulieve,120,"111,397,535","1,566,815","41,851.119"
MüV,56,"30,112,090","156,292","7,025.036"
Curaleaf,51,"42,969,343","254,520","11,789.248"
Liberty Health Sciences,49,"30,126,532",0,"4,278.635"
Surterra Wellness,45,"22,639,792","1,108,129","4,947.828"
Fluent,27,"13,713,908","14,200","1,948.709"
VidaCann,25,"3,880,476","81,236","1,267.199"
GrowHealthy,18,"6,122,170","40,902","6,008.441"
Sunnyside*,18,"2,841,386","15,533","1,693.333"
Cannabist,14,"4,121,925","10,800","1,596.150"
Sanctuary Cannabis,11,"968,556","22,534",957.862
Green Dragon,10,"456,621","1,283",221.059
GTI (Rise Dispensaries),7,"1,261,768","8,592","1,649.543"
Green Sentry Holdings,7,"350,166","8,100",150.469
HT Medical Cannabis,3,"526,178","2,762",416.634
Jungle Boys,2,"173,796",0,167.320
Insa – Cannabis for Real Life,1,"90,642",0,30.789
The Flowery,1,"3,923,329","17,330",485.063
"Cookies Florida, Inc.",1,"127,226",0,247.200
"Planet 13 Florida, Inc.",0,0,0,0
Revolution Florida,0,0,0,0
Gold Leaf,0,0,0,0
Total,466*,"275,803,439","3,309,028","86,731.637"
MMTC Dispensations for July 29 – August 4  2022
Trulieve,119,"85,155,903","994,515","36,219.693"
MüV,55,"29,601,812","172,833","7,875.825"
Curaleaf,51,"42,273,151","321,766","12,254.157"
Liberty Health Sciences,49,"27,139,132","5,299","4,877.457"
Surterra Wellness,45,"20,514,353","1,030,858","5,569.271"
Fluent,27,"13,860,085","11,860","2,889.377"
VidaCann,25,"5,181,011","84,616","1,300.166"
GrowHealthy,18,"8,075,674","21,756","3,487.434"
Sunnyside*,17,"3,229,687","54,434","1,804.111"
Cannabist,14,"3,712,314","5,910","1,546.667"
Sanctuary Cannabis,11,"551,128","22,201",643.940
Green Dragon,9,0,0,157.377
GTI (Rise Dispensaries),7,"1,240,072","6,566","1,043.303"
Green Sentry Holdings,7,"674,023","6,400",333.256
HT Medical Cannabis,3,"836,626",0,348.132
Jungle Boys,1,"155,044",0,24.868
Insa – Cannabis for Real Life,1,0,0,0
The Flowery,1,"1,158,807","17,790",232.973
Revolution Florida,0,0,0,0
Gold Leaf,0,0,0,0
"Cookies Florida, Inc.",0,0,0,0
"Planet 13 Florida, Inc.",N/A,N/A,N/A,N/A
Total,460,"243,358,822","2,756,804","80,608.007"
MMTC Dispensations for December  9 – 15 2022
Trulieve,123,"88,411,817","904,165","45,540.843"
MüV,61,"30,826,245","183,926","9,863.569"
Ayr Cannabis Dispensary,54,"38,177,811",0,"6,596.200"
Curaleaf,54,"39,044,573","203,970","10,603.100"
Surterra Wellness,45,"23,935,322","1,125,570","5,767.691"
Fluent,28,"14,826,232","198,900","4,337.293"
VidaCann,26,"4,841,224","89,576","1,028.372"
Sunnyside*,21,"3,703,511","59,760","1,735.010"
GrowHealthy,18,"4,808,420",465,"3,382.528"
Sanctuary Cannabis,16,"2,611,077","23,111","1,848.774"
Cannabist,14,"5,588,414",0,"1,612.429"
Green Dragon,14,"1,706,933","2,455",336.369
Sunburn,8,"469,347",24,"1,120.751"
GTI (Rise Dispensaries),7,"1,411,733","7,954","1,230.445"
HT Medical Cannabis,3,"654,561",0,319.296
Insa – Cannabis for Real Life,3,"476,926",0,135.421
Jungle Boys,3,"814,491",0,"1,018.829"
The Flowery,2,"5,091,913","1,620","1,026.999"
"Cookies Florida, Inc.",1,"134,575",0,215.297
"Planet 13 Florida, Inc.",0,0,0,0
Revolution Florida,0,0,0,0
Gold Leaf,0,0,0,175.648
Total,501*,"267,535,125","2,801,496","97,894.864"
MMTC Dispensations for November 25 – December 1  2022
Trulieve,123,"111,839,225","1,784,668","44,170.131"
MüV,61,"35,937,554","264,426","8,646.609"
Ayr Cannabis Dispensary,53,"37,837,624",0,"8,083.414"
Curaleaf,52,"44,373,220","314,452","10,597.965"
Surterra Wellness,45,"21,336,613","1,009,779","4,563.470"
Fluent,28,"13,430,107","16,869","4,161.135"
VidaCann,26,"5,670,364","130,587",998.019
Sunnyside*,21,"3,951,890","40,005","1,961.013"
GrowHealthy,18,"6,502,224","1,674","3,593.664"
Sanctuary Cannabis,15,"2,264,839","25,981","1,594.665"
Cannabist,14,"7,397,589",0,"2,468.943"
Green Dragon,14,"1,323,360",88,342.243
Sunburn,8,"557,243","4,693",778.267
GTI (Rise Dispensaries),7,"1,377,074","11,949","1,185.160"
HT Medical Cannabis,3,"547,659",774,340.703
Insa – Cannabis for Real Life,3,"431,015",0,214.210
Jungle Boys,3,"761,730",0,790.121
The Flowery,2,"5,397,972",0,"1,135.819"
"Cookies Florida, Inc.",1,"138,505",0,218.843
"Planet 13 Florida, Inc.",0,0,0,0
Revolution Florida,0,0,0,0
Gold Leaf,0,0,0,184.642
Total,497*,"301,075,807","3,605,945","96,029.036"
MMTC Dispensations for December  16 – 22 2022
Trulieve,123,"138,585,195","2,191,187","48,827.758"
MüV,62,"35,918,393","148,225","10,247.934"
Curaleaf,55,"42,484,979","208,550","13,030.912"
Ayr Cannabis Dispensary,54,"39,581,175","3,007","6,251.093"
Surterra Wellness,45,"25,653,375","1,004,729","5,145.189"
Fluent,28,"16,632,457","101,780","4,716.767"
VidaCann,26,"6,118,056","105,107","1,235.662"
Sunnyside*,21,"4,575,709","79,828","2,510.800"
GrowHealthy,18,"5,514,524",488,"3,648.966"
Sanctuary Cannabis,16,"2,628,920","39,653","1,774.413"
Green Dragon,15,"1,463,514","2,048",357.733
Cannabist,14,"6,290,612",0,"1,805.690"
Sunburn,8,"817,391",0,873.194
GTI (Rise Dispensaries),7,"1,421,921","12,575","1,170.899"
HT Medical Cannabis,3,"1,038,131","2,460",297.812
Insa – Cannabis for Real Life,3,"176,108",0,149.351
Jungle Boys,3,"940,908",0,"1,133.887"
The Flowery,2,"3,364,522","1,625",922.200
"Cookies Florida, Inc.",1,"165,414",0,269.211
"Planet 13 Florida, Inc.",0,0,0,0
Revolution Florida,0,0,0,0
Gold Leaf,0,0,0,155.627
Total,504*,"333,371,304","3,901,262","104,525.098"
MMTC Dispensations for December  23 – 29 2022
Trulieve,123,"114,860,800","1,393,805","38,411.231"
MüV,62,"32,741,838","154,703","9,455.450"
Curaleaf,55,"36,016,680","218,900","11,475.557"
Ayr Cannabis Dispensary,55,"35,968,098",0,"6,471.106"
Surterra Wellness,45,"20,634,013","1,230,124","4,883.869"
Fluent,29,"13,218,126","57,625","3,411.686"
VidaCann,26,"5,493,445","106,716","1,319.957"
Sunnyside*,21,"3,339,888","51,482","1,645.612"
GrowHealthy,18,"4,879,515","4,188","2,955.300"
Green Dragon,17,"1,200,846","2,662",209.706
Sanctuary Cannabis,16,"2,723,718","22,293","1,731.228"
Cannabist,14,"4,548,716",0,"1,807.173"
Sunburn,8,"959,492",0,771.134
GTI (Rise Dispensaries),7,"1,190,838","9,488","1,040.012"
Insa – Cannabis for Real Life,4,"268,557",0,216.964
HT Medical Cannabis,3,"735,965",414,211.233
Jungle Boys,3,"793,085",0,"1,149.387"
The Flowery,2,"2,969,195",0,790.732
"Cookies Florida, Inc.",1,"153,411",0,215.264
"Planet 13 Florida, Inc.",0,0,0,0
Revolution Florida,0,0,0,0
Gold Leaf,0,0,0,123.352
Total,509*,"282,696,226","3,252,400","88,295.953"
MMTC Dispensations for December  2 – 8 2022
Trulieve,123,"90,015,463","1,018,039","37,422.210"
MüV,61,"30,632,336","124,241","10,130.106"
Curaleaf,54,"33,865,628","153,373","9,261.352"
Ayr Cannabis Dispensary,53,"36,280,215",0,"7,056.953"
Surterra Wellness,45,"22,577,562","1,140,335","4,422.018"
Fluent,28,"9,604,267","100,490","3,274.640"
VidaCann,26,"4,669,016","81,028","1,182.682"
Sunnyside*,21,"3,225,111","64,710","1,713.384"
GrowHealthy,18,"4,776,584","1,278","3,376.758"
Sanctuary Cannabis,16,"2,530,743","18,376","1,688.948"
Cannabist,14,"4,784,103",0,"1,458.445"
Green Dragon,14,"1,696,005",994,408.137
Sunburn,8,"596,065","14,110",886.699
GTI (Rise Dispensaries),7,"1,020,939","13,036","1,870.680"
HT Medical Cannabis,3,"521,963",508,291.246
Insa – Cannabis for Real Life,3,"242,918",0,125.220
Jungle Boys,3,"585,852",0,854.106
The Flowery,2,"2,665,726",0,787.502
"Cookies Florida, Inc.",1,"148,681",0,214.500
"Planet 13 Florida, Inc.",0,0,0,0
Revolution Florida,0,0,0,0
Gold Leaf,0,0,0,169.330
Total,500*,"250,439,177","2,730,518","86,594.916"
MMTC Dispensations for February 4 – 10 2022
Trulieve,112,"92,358,198","1,677,689","35,920.376"
Liberty Health Sciences,45,"28,845,130","97,275","2,708.501"
Curaleaf,44,"23,286,503","208,530","8,999.522"
AltMed Florida (MüV),41,"24,298,334","316,614","6,738.941"
Surterra Wellness,40,"31,040,140","1,541,971","5,914.888"
Fluent,27,"8,374,510","76,800","3,023.965"
VidaCann,25,"5,682,521","90,960",843.793
GrowHealthy,18,"7,588,870","84,111","4,712.468"
Sunnyside*,15,"2,774,882","1,739","2,206.982"
Cannabist,14,"4,034,073","28,400","1,860.332"
GTI (Rise Dispensaries),7,"1,122,055","15,184","1,123.020"
MedMen,7,"1,368,216","11,554",584.545
"Sanctuary Medicinals, LLC",6,"521,615","1,256",518.108
Green Dragon,3,0,0,115.861
HT Medical Cannabis,1,"46,906",0,185.914
Insa,0,0,0,0
Revolution Florida,0,0,0,0
Jungle Boys,0,0,0,0
The Flowery,0,"35,000","4,000",35.676
Gold Leaf Florida,0,0,0,0
"Cookies Florida, Inc.",0,0,0,0
"Planet 13 Florida, Inc.",N/A,N/A,N/A,N/A
Total,405,"231,376,953","4,156,083","75,492.892"
MMTC Dispensations for February 11 – 17 2022
Trulieve,112,"92,787,267","1,497,533","39,571.449"
Liberty Health Sciences,45,"24,202,235","78,714","3,518.108"
Curaleaf,44,"27,880,196","238,662","10,551.749"
AltMed Florida (MüV),41,"27,006,049","386,931","6,626.581"
Surterra Wellness,40,"24,210,618","1,076,714","5,671.541"
Fluent,27,"7,862,076","48,550","2,664.396"
VidaCann,25,"5,071,815","97,635",832.453
GrowHealthy,18,"8,915,237","45,227","3,632.754"
Sunnyside*,15,"2,929,081",392,"2,199.435"
Cannabist,14,"5,266,003","34,091","1,985.134"
GTI (Rise Dispensaries),7,"1,065,344","11,028","1,702.351"
MedMen,7,"1,384,359","14,793",552.373
"Sanctuary Medicinals, LLC",6,"564,748",417,529.948
Green Dragon,3,0,0,151.600
HT Medical Cannabis,1,"56,717",0,203.365
Insa,0,0,0,0
Revolution Florida,0,0,0,0
Jungle Boys,0,0,0,0
The Flowery,0,"18,500",0,55.481
Gold Leaf Florida,0,0,0,0
"Cookies Florida, Inc.",0,0,0,0
"Planet 13 Florida, Inc.",N/A,N/A,N/A,N/A
Total,405,"229,220,245","3,530,687","80,448.718"
MMTC Dispensations for February 18 – 24 2022
Trulieve,112,"87,386,040","1,562,420","41,398.126"
Liberty Health Sciences,45,"27,624,145","112,540","2,919.943"
Curaleaf,44,"36,360,961","299,795","11,871.637"
AltMed Florida (MüV),41,"23,424,292","316,331","6,151.160"
Surterra Wellness,41,"23,197,050","1,329,185","6,772.028"
Fluent,27,"9,060,156","12,700","2,446.355"
VidaCann,25,"4,953,505","81,781",848.693
GrowHealthy,18,"6,686,379","21,158","2,745.216"
Sunnyside*,15,"3,280,943",0,"2,229.230"
Cannabist,14,"3,557,327","21,650","1,445.772"
GTI (Rise Dispensaries),7,"1,323,921","10,200","1,511.032"
MedMen,7,"1,507,303","10,470",565.832
"Sanctuary Medicinals, LLC",6,"498,417","4,765",531.458
Green Dragon,3,0,0,122.220
HT Medical Cannabis,1,"93,806",0,206.466
Insa,0,0,0,0
Revolution Florida,0,0,0,0
Jungle Boys,0,0,0,0
The Flowery,0,"14,500",0,84.684
Gold Leaf Florida,0,0,0,0
"Cookies Florida, Inc.",0,0,0,0
"Planet 13 Florida, Inc.",N/A,N/A,N/A,N/A
Total,406,"228,968,745","3,782,995","81,849.852"
MMTC Dispensations for January 28 – February 3  2022
Trulieve,111,"76,059,147","1,403,337","38,322.118"
Liberty Health Sciences,44,"30,313,014","90,089","3,031.332"
Curaleaf,44,"22,610,257","203,891","8,557.282"
AltMed Florida (MüV),41,"28,732,864","284,597","6,307.580"
Surterra Wellness,39,"20,716,653","1,313,756","5,694.253"
Fluent,27,"9,633,084","130,130","3,156.854"
VidaCann,25,"5,838,821","113,997",970.401
GrowHealthy,18,"5,521,943","57,995","4,473.692"
Sunnyside*,15,"2,650,859","2,689","2,177.745"
Cannabist,14,"4,536,490","26,400","2,392.937"
GTI (Rise Dispensaries),7,"1,154,649","11,018",878.121
MedMen,7,"1,359,250","11,260",504.803
"Sanctuary Medicinals, LLC",5,"526,406","3,092",525.315
Green Dragon,3,0,0,73.332
HT Medical Cannabis,1,"72,675",57,190.795
Insa,0,0,0,0
Revolution Florida,0,0,0,0
Jungle Boys,0,0,0,0
The Flowery,0,"23,990",0,37.421
Gold Leaf Florida,0,0,0,0
"Cookies Florida, Inc.",0,0,0,0
"Planet 13 Florida, Inc.",N/A,N/A,N/A,N/A
Total,401,"209,750,102","3,652,308","77,293.981"
MMTC Dispensations for January 7 – 13 2022
Trulieve,111,"85,588,733","1,661,251","34,125.180"
Liberty Health Sciences,44,"24,996,711","141,361","2,637.227"
Curaleaf,43,"28,558,778","291,513","10,538.499"
AltMed Florida (MüV),41,"21,422,871","202,019","5,675.815"
Surterra Wellness,39,"27,590,717","1,518,605","4,848.404"
Fluent,27,"6,361,545","112,700","1,658.601"
VidaCann,24,"4,019,522","80,102",893.874
GrowHealthy,18,"6,413,025","31,253","3,872.565"
Cannabist,14,"3,115,000","20,150","1,719.897"
Sunnyside*,14,"2,329,524","1,377","1,926.712"
GTI (Rise Dispensaries),7,"912,060","2,213","1,590.405"
MedMen,7,"1,230,695","14,760",515.667
"Sanctuary Medicinals, LLC",5,"385,698",222,268.365
Green Dragon,3,0,0,106.673
HT Medical Cannabis,1,"84,703",0,199.026
Insa,0,0,0,0
Revolution Florida,0,0,0,0
"Green Ops Group FL, LLC",0,0,0,0
The Flowery,0,0,0,56.902
Gold Leaf Florida,0,0,0,0
"Cookies Florida, Inc.",0,0,0,1.000
"Planet 13 Florida, Inc.",N/A,N/A,N/A,N/A
Total,398,"213,009,582","4,077,526","70,634.812"
MMTC Dispensations for January 14 – 20 2022
Trulieve,111,"104,054,833","1,664,952","40,032.464"
Liberty Health Sciences,44,"23,435,989","81,126","3,827.770"
Curaleaf,43,"21,244,731","177,951","8,607.573"
AltMed Florida (MüV),41,"27,521,623","294,397","6,198.684"
Surterra Wellness,39,"20,650,492","1,137,827","5,357.239"
Fluent,27,"6,678,941","208,350","2,331.672"
VidaCann,24,"4,299,980","110,599",868.678
GrowHealthy,18,"12,126,285","86,553","4,154.904"
Cannabist,14,"3,671,475","15,950","1,871.181"
Sunnyside*,14,"2,492,373",807,"1,860.503"
GTI (Rise Dispensaries),7,"1,082,390","9,018","1,455.641"
MedMen,7,"1,324,346","17,060",496.972
"Sanctuary Medicinals, LLC",5,"388,906",222,266.600
Green Dragon,3,0,0,109.109
HT Medical Cannabis,1,"119,156",0,202.277
Insa,0,0,0,0
Revolution Florida,0,0,0,0
"Green Ops Group FL, LLC",0,0,0,0
The Flowery,0,"73,000",0,55.192
Gold Leaf Florida,0,0,0,0
"Cookies Florida, Inc.",0,0,0,0.750
"Planet 13 Florida, Inc.",N/A,N/A,N/A,N/A
Total,398,"229,164,520","3,804,812","77,697.209"
MMTC Dispensations for January 21 – 27 2022
Trulieve,111,"90,154,981","1,875,337","37,205.450"
Liberty Health Sciences,44,"27,054,838","119,697","3,495.186"
Curaleaf,43,"18,550,316","145,253","8,490.465"
AltMed Florida (MüV),41,"23,604,475","259,557","6,717.695"
Surterra Wellness,39,"25,002,227","1,357,899","5,844.123"
Fluent,27,"8,183,563","151,600","2,545.376"
VidaCann,24,"4,947,809","119,104",983.960
GrowHealthy,18,"11,356,132","54,315","3,845.744"
Sunnyside*,15,"3,184,570",0,"2,234.902"
Cannabist,14,"3,313,652","19,900","2,304.485"
GTI (Rise Dispensaries),7,"1,080,789","21,993","1,301.563"
MedMen,7,"1,312,187","11,638",492.081
"Sanctuary Medicinals, LLC",5,"383,859","1,242",477.582
Green Dragon,3,0,0,97.145
HT Medical Cannabis,1,"95,222",0,217.621
Insa,0,0,0,0
Revolution Florida,0,0,0,0
"Green Ops Group FL, LLC",0,0,0,0
The Flowery,0,"18,500",0,43.106
Gold Leaf Florida,0,0,0,0
"Cookies Florida, Inc.",0,0,0,0.500
"Planet 13 Florida, Inc.",N/A,N/A,N/A,N/A
Total,399,"218,243,120","4,137,535","76,296.984"
MMTC Dispensations for December 31 2021  – January 6  2022
Trulieve,111,"76,596,502","1,868,292","36,578.675"
Liberty Health Sciences,43,"18,414,248","88,148","3,683.868"
Curaleaf,42,"23,776,343","222,478","8,789.525"
AltMed Florida (MüV),41,"25,704,737","234,514","5,464.292"
Surterra Wellness,39,"14,952,060","1,020,538","4,538.203"
Fluent,27,"5,638,545","173,400","1,289.993"
VidaCann,24,"5,662,167","109,921",859.280
GrowHealthy,18,"8,784,369","41,148","5,411.266"
Cannabist,14,"2,793,127","18,450","1,196.722"
Sunnyside*,14,"2,138,672",0,"1,820.800"
GTI (Rise Dispensaries),7,"1,071,714",678,"1,331.884"
MedMen,7,"1,239,211","14,690",434.663
"Sanctuary Medicinals, LLC",5,"360,568",444,245.373
Green Dragon,3,0,0,102.853
HT Medical Cannabis,1,"58,067",0,85.440
Insa,0,0,0,0
Revolution Florida,0,0,0,0
"Green Ops Group FL, LLC",0,0,0,0
The Flowery,0,0,0,59.017
Gold Leaf Florida,0,0,0,0
"Cookies Florida, Inc.",0,0,0,1.608
"Planet 13 Florida, Inc.",N/A,N/A,N/A,N/A
Total,396,"187,190,330","3,792,701","71,893.462"
MMTC Dispensations for June 24 – 30 2022
Trulieve,116,"106,365,084","1,501,941","40,676.891"
Curaleaf,50,"41,807,498","296,033","12,619.421"
MüV,49,"27,496,811","171,246","6,588.013"
Liberty Health Sciences,47,"39,122,630","18,368","6,035.824"
Surterra Wellness,45,"23,508,157","1,306,852","5,137.440"
Fluent,27,"10,891,530","15,850","2,652.496"
VidaCann,25,"4,285,855","59,407",990.319
GrowHealthy,18,"7,993,039","31,198","5,236.114"
Sunnyside*,16,"2,557,618","3,806","1,957.975"
Cannabist,14,"3,408,940","19,771","1,855.372"
Sanctuary Cannabis,9,"451,880","16,797",574.907
Green Dragon,9,0,0,141.143
GTI (Rise Dispensaries),7,"1,198,176","3,527","1,332.288"
MedMen,7,"1,163,939","13,270",609.298
HT Medical Cannabis,2,"379,887",0,175.040
Jungle Boys,1,"763,036",0,504.264
Insa – Cannabis for Real Life,0,0,0,0
Revolution Florida,0,0,0,0
The Flowery,0,"2,834,654",0,61.665
Gold Leaf,0,0,0,0
"Cookies Florida, Inc.",0,0,0,0
"Planet 13 Florida, Inc.",N/A,N/A,N/A,N/A
Total,442,"274,228,734","3,458,066","87,148.470"
MMTC Dispensations for July 8 – 14 2022
Trulieve,118,"89,981,989","1,165,575","35,070.025"
MüV,52,"26,445,695","134,950","5,527.276"
Curaleaf,50,"37,082,176","260,052","12,408.892"
Liberty Health Sciences,47,"34,748,695","20,131","4,848.770"
Surterra Wellness,45,"19,645,821","773,691","5,338.754"
Fluent,27,"11,030,873","16,580","2,814.285"
VidaCann,25,"4,714,273","76,060","1,309.232"
GrowHealthy,18,"7,690,322","22,899","3,159.207"
Sunnyside*,16,"3,905,973","1,362","2,270.120"
Cannabist,14,"3,827,672","17,672","1,411.419"
Sanctuary Cannabis,10,"600,106","7,806",564.249
Green Dragon,9,0,0,171.939
GTI (Rise Dispensaries),7,"1,791,134","9,343","1,096.446"
MedMen,7,"789,334","16,400",400.926
HT Medical Cannabis,3,"1,617,259",61,285.663
Jungle Boys,1,"302,185",0,199.296
Insa – Cannabis for Real Life,0,0,0,0
Revolution Florida,0,0,0,0
The Flowery,0,"2,877,693",0,82.428
Gold Leaf,0,0,0,0
"Cookies Florida, Inc.",0,0,0,0
"Planet 13 Florida, Inc.",N/A,N/A,N/A,N/A
Total,449,"247,051,200","2,522,582","76,958.927"
MMTC Dispensations for July 15 – 21 2022
Trulieve,118,"88,663,087","1,015,112","36,333.600"
MüV,52,"23,297,948","118,167","5,434.248"
Curaleaf,50,"36,147,151","339,623","11,537.791"
Liberty Health Sciences,47,"29,060,377","5,795","5,251.118"
Surterra Wellness,45,"22,032,758","1,071,047","5,108.464"
Fluent,27,"10,711,203","8,813","3,116.120"
VidaCann,25,"4,561,087","107,224","1,302.074"
GrowHealthy,18,"7,140,956","42,836","4,015.090"
Sunnyside*,16,"2,937,069","25,034","2,312.604"
Cannabist,14,"4,479,144","16,023","1,570.237"
Sanctuary Cannabis,10,"467,404","10,049",557.340
Green Dragon,9,0,0,156.472
GTI (Rise Dispensaries),7,"1,219,366","11,084","1,193.031"
MedMen,7,"733,129","5,450",377.032
HT Medical Cannabis,3,"911,242","1,452",271.745
Jungle Boys,1,"223,854",0,138.042
Insa – Cannabis for Real Life,0,0,0,0
Revolution Florida,0,0,0,0
The Flowery,0,"575,122",0,73.006
Gold Leaf,0,0,0,0
"Cookies Florida, Inc.",0,0,0,0
"Planet 13 Florida, Inc.",N/A,N/A,N/A,N/A
Total,449,"233,160,897","2,777,709","78,748.014"
MMTC Dispensations for July 22 – 28 2022
Trulieve,118,"96,204,946","1,142,031","36,040.719"
MüV,53,"24,289,672","131,584","6,172.157"
Curaleaf,51,"40,531,054","352,073","11,547.767"
Liberty Health Sciences,48,"33,064,523","3,836","5,286.526"
Surterra Wellness,45,"23,422,660","1,402,527","6,397.782"
Fluent,27,"15,849,222","8,750","2,747.144"
VidaCann,25,"4,841,207","91,202","1,432.733"
GrowHealthy,18,"7,764,118","29,156","3,083.540"
Sunnyside*,16,"3,033,422","61,425","2,129.865"
Cannabist,14,"3,358,879","11,703","1,185.472"
Sanctuary Cannabis,10,"550,129","16,925",572.368
Green Dragon,9,0,0,161.096
GTI (Rise Dispensaries),7,"1,060,628","4,300","1,028.805"
MedMen,7,"739,730","11,410",367.203
HT Medical Cannabis,3,"877,105",0,323.533
Jungle Boys,1,"227,604",0,87.998
Insa – Cannabis for Real Life,1,0,0,0
The Flowery,1,"529,501","3,370",255.238
Revolution Florida,0,0,0,0
Gold Leaf,0,0,0,0
"Cookies Florida, Inc.",0,0,0,0
"Planet 13 Florida, Inc.",N/A,N/A,N/A,N/A
Total,454,"256,344,400","3,270,292","78,819.946"
MMTC Dispensations for July 1 – 7 2022
Trulieve,116,"103,252,103","1,235,587","34,856.787"
Curaleaf,50,"36,475,465","268,800","11,756.174"
MüV,49,"23,058,388","112,993","5,941.914"
Liberty Health Sciences,47,"29,850,389","2,984","3,941.255"
Surterra Wellness,45,"18,701,331","979,312","4,534.166"
Fluent,27,"11,014,784","15,350","2,807.339"
VidaCann,25,"4,098,756","55,969",955.610
GrowHealthy,18,"6,951,337","15,756","3,808.725"
Sunnyside*,16,"2,800,846",444,"2,068.825"
Cannabist,14,"3,164,808","8,816","1,483.574"
Sanctuary Cannabis,9,"623,373","20,151",617.564
Green Dragon,9,0,0,154.430
GTI (Rise Dispensaries),7,"1,401,479","4,407","1,439.669"
MedMen,7,"834,547","9,150",401.759
HT Medical Cannabis,3,"203,469",0,222.809
Jungle Boys,1,"454,684",0,365.474
Insa – Cannabis for Real Life,0,0,0,0
Revolution Florida,0,0,0,0
The Flowery,0,"1,020,032",0,46.507
Gold Leaf,0,0,0,0
"Cookies Florida, Inc.",0,0,0,0
"Planet 13 Florida, Inc.",N/A,N/A,N/A,N/A
Total,443,"243,905,791","2,729,719","75,402.581"
MMTC Dispensations for June 3 – 9 2022
Trulieve,116,"96,212,953","1,385,104","36,769.552"
Curaleaf,50,"34,158,119","184,699","13,048.855"
MüV,47,"23,877,017","191,892","6,282.927"
Liberty Health Sciences,46,"26,806,399","19,505","3,870.743"
Surterra Wellness,45,"15,514,574","936,561","4,039.550"
Fluent,27,"9,635,680","49,594","2,736.860"
VidaCann,25,"3,670,193","73,310",988.443
GrowHealthy,18,"8,100,393","4,827","3,153.569"
Sunnyside*,16,"3,265,616","2,181","2,026.199"
Cannabist,14,"3,230,028","17,582","1,570.365"
Sanctuary Cannabis,9,"620,142","7,474",553.678
GTI (Rise Dispensaries),7,"1,062,355","7,654","1,249.284"
MedMen,7,"2,118,411","6,670",413.656
Green Dragon,7,0,0,133.675
HT Medical Cannabis,2,"283,415",0,158.328
Insa – Cannabis for Real Life,0,0,0,0
Revolution Florida,0,0,0,0
Jungle Boys,1,0,0,133.675
The Flowery,0,"8,994",0,95.393
Gold Leaf,0,0,0,0
"Cookies Florida, Inc.",0,0,0,0
"Planet 13 Florida, Inc.",N/A,N/A,N/A,N/A
Total,437,"228,564,289","2,887,053","77,091.077"
MMTC Dispensations for June 10 – 16 2022
Trulieve,116,"95,984,963","1,257,855","39,642.840"
Curaleaf,50,"35,762,975","222,740","12,919.826"
MüV,47,"25,641,379","187,153","5,672.544"
Liberty Health Sciences,46,"25,405,413","6,448","3,761.098"
Surterra Wellness,45,"22,376,629","1,019,460","3,948.673"
Fluent,27,"9,713,739","41,600","2,671.888"
VidaCann,25,"4,547,318","113,103","1,436.799"
GrowHealthy,18,"6,453,383","39,937","3,518.208"
Sunnyside*,16,"3,116,527","1,135","1,980.325"
Cannabist,14,"3,839,671","21,822","1,545.986"
Sanctuary Cannabis,9,"588,167","10,594",552.857
GTI (Rise Dispensaries),7,"1,392,169","2,516","1,041.466"
MedMen,7,"1,398,527","14,110",441.625
Green Dragon,7,0,0,143.045
HT Medical Cannabis,2,"191,374",0,136.221
Insa – Cannabis for Real Life,0,0,0,0
Revolution Florida,0,0,0,0
Jungle Boys,1,0,0,16.501
The Flowery,0,"2,562,165",0,49.480
Gold Leaf,0,0,0,0
"Cookies Florida, Inc.",0,0,0,0
"Planet 13 Florida, Inc.",N/A,N/A,N/A,N/A
Total,437,"238,974,399","2,938,473","79,479.382"
MMTC Dispensations for June 17 – 23 2022
Trulieve,115,"96,468,497","1,088,016","37,912.197"
Curaleaf,50,"39,034,794","322,639","12,752.858"
MüV,47,"22,028,751","118,520","4,975.324"
Liberty Health Sciences,46,"28,547,158","20,822","3,597.626"
Surterra Wellness,45,"18,280,309","832,031","3,495.238"
Fluent,27,"9,176,277","31,900","2,790.509"
VidaCann,25,"4,600,473","54,880","1,164.883"
GrowHealthy,18,"7,367,584","34,486","4,042.392"
Sunnyside*,16,"3,210,032","3,455","1,983.015"
Cannabist,14,"3,868,623","18,000","1,685.210"
Sanctuary Cannabis,9,"552,352","9,993",614.223
Green Dragon,9,0,0,139.884
GTI (Rise Dispensaries),7,"1,087,844","3,119","1,301.788"
MedMen,7,"764,959","4,460",428.916
HT Medical Cannabis,2,"562,758",352,175.083
Jungle Boys,1,0,0,"1,025.266"
Insa – Cannabis for Real Life,0,0,0,0
Revolution Florida,0,0,0,0
The Flowery,0,"65,183",0,94.596
Gold Leaf,0,0,0,0
"Cookies Florida, Inc.",0,0,0,0
"Planet 13 Florida, Inc.",N/A,N/A,N/A,N/A
Total,438,"235,615,594","2,542,673","78,179.008"
MMTC Dispensations for May 27 – June 2 2022
Trulieve,115,"109,206,476","1,637,681","37,466.629"
Curaleaf,50,"35,150,388","224,736","12,315.568"
Liberty Health Sciences,47,"27,152,101","12,934","4,467.681"
MüV,47,"24,737,843","184,209","6,981.596"
Surterra Wellness,44,"25,800,540","1,578,505","4,333.160"
Fluent,27,"10,234,714","50,900","2,982.639"
VidaCann,25,"3,908,019","84,254",912.809
GrowHealthy,18,"7,575,360","8,845","3,657.321"
Sunnyside*,16,"3,225,117",584,"1,972.045"
Cannabist,14,"4,660,190","24,126","1,874.247"
Sanctuary Cannabis,9,"656,423","6,845",614.669
GTI (Rise Dispensaries),7,"1,490,174","7,838","1,388.332"
MedMen,7,"1,365,144","10,440",680.165
Green Dragon,7,0,0,110.792
HT Medical Cannabis,2,"191,649",0,109.688
Insa – Cannabis for Real Life,0,0,0,0
Revolution Florida,0,0,0,0
Jungle Boys,1,0,0,382.628
The Flowery,0,"1,024,101",0,48.649
Gold Leaf,0,0,0,0
"Cookies Florida, Inc.",0,0,0,0
"Planet 13 Florida, Inc.",N/A,N/A,N/A,N/A
Total,436,"256,378,239","3,831,897","80,298.618"
MMTC Dispensations for March 4  – 10 2022
Trulieve,112,"103,372,914","1,672,711","37,827.261"
Liberty Health Sciences,45,"29,967,862","114,073","4,286.764"
Curaleaf,45,"33,875,097","242,943","11,511.651"
Surterra Wellness,43,"22,511,711","1,163,672","4,786.972"
AltMed Florida (MüV),41,"24,810,512","333,081","5,491.492"
Fluent,27,"8,555,119","165,150","2,321.525"
VidaCann,25,"4,853,564","124,392",926.460
GrowHealthy,18,"7,367,030",101,"3,249.486"
Sunnyside*,15,"3,243,088","2,398","1,783.980"
Cannabist,14,"3,703,415","28,958","1,560.854"
GTI (Rise Dispensaries),7,"1,256,013","5,698","1,521.179"
MedMen,7,"1,583,546","18,060",606.627
"Sanctuary Medicinals, LLC",6,"601,250","10,878",604.667
Green Dragon,3,0,0,101.473
HT Medical Cannabis,1,"88,203","5,024",145.091
Insa,0,0,0,0
Revolution Florida,0,0,0,0
Jungle Boys,0,0,0,0
The Flowery,0,"17,500",0,92.277
Gold Leaf Florida,0,0,0,0
"Cookies Florida, Inc.",0,0,0,1.700
"Planet 13 Florida, Inc.",N/A,N/A,N/A,N/A
Total,409,"245,806,824","3,887,139","76,819.459"
MMTC Dispensations for March 11  – 17 2022
Trulieve,113,"103,256,878","1,541,799","39,614.544"
Liberty Health Sciences,45,"27,099,819","87,222","3,751.104"
Curaleaf,45,"38,184,827","240,633","15,163.953"
Surterra Wellness,43,"22,776,376","1,302,933","4,673.125"
AltMed Florida (MüV),43,"28,887,603","374,600","6,266.539"
Fluent,27,"10,300,586","196,600","3,031.636"
VidaCann,25,"6,241,615","131,561",813.560
GrowHealthy,18,"9,777,584",303,"3,325.765"
Sunnyside*,16,"2,990,217","2,311","2,134.990"
Cannabist,14,"3,898,602","36,883","1,088.371"
GTI (Rise Dispensaries),7,"1,254,577","12,468","1,813.124"
MedMen,7,"1,487,475","12,150",729.388
"Sanctuary Medicinals, LLC",6,"569,836","7,812",626.801
Green Dragon,3,0,0,147.122
HT Medical Cannabis,1,"33,632",0,146.625
Insa,0,0,0,0
Revolution Florida,0,0,0,0
Jungle Boys,0,0,0,0
The Flowery,0,"9,000",500,72.660
Gold Leaf Florida,0,0,0,0
"Cookies Florida, Inc.",0,0,0,0
"Planet 13 Florida, Inc.",N/A,N/A,N/A,N/A
Total,413,"256,768,627","3,947,775","83,399.307"
MMTC Dispensations for March 1 8 – 24 2022
Trulieve,113,"86,671,541","1,480,411","40,394.606"
Liberty Health Sciences,45,"20,334,046","88,396","2,910.108"
Curaleaf,45,"38,385,388","312,738","14,525.097"
Surterra Wellness,43,"23,426,214","1,268,407","4,694.296"
AltMed Florida (MüV),43,"25,020,876","298,339","5,426.371"
Fluent,27,"11,580,403","146,340","2,756.237"
VidaCann,25,"4,357,434","91,673",936.616
GrowHealthy,18,"4,682,899","14,099","1,886.720"
Sunnyside*,16,"3,093,838",420,"2,154.785"
Cannabist,14,"4,139,525","24,891",979.726
GTI (Rise Dispensaries),7,"1,172,380","9,376","1,836.402"
MedMen,7,"1,943,497","10,620",925.466
"Sanctuary Medicinals, LLC",6,"504,256","5,932",566.059
Green Dragon,3,0,0,99.689
HT Medical Cannabis,1,"32,105",0,156.950
Insa – Cannabis for Real Life,0,0,0,0
Revolution Florida,0,0,0,0
Jungle Boys,0,0,0,0
The Flowery,0,"7,500",0,85.359
Gold Leaf Florida,0,0,0,0
"Cookies Florida, Inc.",0,0,0,0
"Planet 13 Florida, Inc.",N/A,N/A,N/A,N/A
Total,413,"225,351,902","3,751,642","80,334.487"
MMTC Dispensations for February 25 – March 3  2022
Trulieve,112,"115,551,620","1,903,392","41,562.428"
Liberty Health Sciences,45,"30,450,264","97,487","3,040.683"
Curaleaf,44,"40,513,054","340,523","12,946.406"
Surterra Wellness,42,"26,716,334","1,283,847","5,000.818"
AltMed Florida (MüV),41,"27,329,730","403,860","7,231.154"
Fluent,27,"9,223,521","26,654","2,460.121"
VidaCann,25,"4,681,963","80,199",802.820
GrowHealthy,18,"8,381,814","1,111","4,131.404"
Sunnyside*,15,"3,190,708",601,"2,066.961"
Cannabist,14,"3,416,012","19,330","1,283.837"
GTI (Rise Dispensaries),7,"1,198,049","10,915","1,841.922"
MedMen,7,"1,588,446","11,900",552.363
"Sanctuary Medicinals, LLC",6,"574,015","7,022",566.491
Green Dragon,3,0,0,87.003
HT Medical Cannabis,1,"64,808",0,216.390
Insa,0,0,0,0
Revolution Florida,0,0,0,0
Jungle Boys,0,0,0,0
The Flowery,0,"12,000",0,78.061
Gold Leaf Florida,0,0,0,0
"Cookies Florida, Inc.",0,0,0,0
"Planet 13 Florida, Inc.",N/A,N/A,N/A,N/A
Total,407,"272,892,338","4,186,841","83,868.862"
MMTC Dispensations for May 6  – 12 2022
Trulieve,115,"100,551,906","1,369,593","37,084.507"
Curaleaf,48,"33,552,249","256,248","12,175.235"
Liberty Health Sciences,47,"24,786,739","37,472","3,435.863"
MüV,46,"24,009,216","295,405","5,192.619"
Surterra Wellness,44,"22,380,126","890,966","4,382.170"
Fluent,27,"9,771,855","50,700","2,726.607"
VidaCann,25,"5,504,773","168,317",905.171
GrowHealthy,18,"8,336,915","31,504","3,477.844"
Sunnyside*,16,"3,387,848","1,639","1,913.392"
Cannabist,14,"4,027,538","21,204","1,471.258"
Sanctuary Cannabis,8,"598,772","12,160",719.547
GTI (Rise Dispensaries),7,"1,217,432","3,816","1,194.790"
MedMen,7,"1,093,021","16,298",551.385
Green Dragon,5,0,0,91.418
HT Medical Cannabis,2,"154,981",0,112.955
Insa – Cannabis for Real Life,0,0,0,0
Revolution Florida,0,0,0,0
Jungle Boys,0,0,0,0
The Flowery,0,"18,500",0,72.566
Gold Leaf Florida,0,0,0,0
"Cookies Florida, Inc.",0,0,0,0
"Planet 13 Florida, Inc.",N/A,N/A,N/A,N/A
Total,429,"239,391,871","3,155,322","75,507.327"
MMTC Dispensations for May 13 – 19 2022
Trulieve,115,"88,751,959","1,168,872","36,352.006"
Curaleaf,50,"37,493,146","259,709","12,473.516"
Liberty Health Sciences,47,"25,727,217","53,767","3,164.554"
MüV,46,"26,817,602","301,591","6,797.989"
Surterra Wellness,44,"26,509,541","1,480,601","5,175.656"
Fluent,27,"9,674,102","234,750","2,679.739"
VidaCann,25,"4,979,524","121,624",810.914
GrowHealthy,18,"8,567,055","15,061","3,740.522"
Sunnyside*,16,"2,861,092",480,"2,063.110"
Cannabist,14,"4,048,938","18,497","1,459.092"
Sanctuary Cannabis,8,"747,928","11,822",604.850
GTI (Rise Dispensaries),7,"1,242,569","6,216","1,136.034"
MedMen,7,"1,083,212","8,010",591.670
Green Dragon,7,0,0,72.949
HT Medical Cannabis,2,"130,718",0,83.380
Insa – Cannabis for Real Life,0,0,0,0
Revolution Florida,0,0,0,0
Jungle Boys,1,"22,303",0,270.551
The Flowery,0,"31,000",0,196.394
Gold Leaf Florida,0,0,0,0
"Cookies Florida, Inc.",0,0,0,0
"Planet 13 Florida, Inc.",N/A,N/A,N/A,N/A
Total,434,"238,687,906","3,681,000","77,672.926"
MMTC Dispensations for May 20 – 26 2022
Trulieve,115,"100,810,107","1,443,437","37,048.155"
Curaleaf,50,"36,145,055","259,798","12,696.857"
Liberty Health Sciences,47,"31,351,390","27,773","3,418.004"
MüV,47,"28,077,869","210,618","5,392.410"
Surterra Wellness,44,"26,911,902","1,429,593","4,792.986"
Fluent,27,"9,814,931","106,850","2,689.162"
VidaCann,25,"5,282,555","84,937",925.214
GrowHealthy,18,"8,660,970","16,713","3,513.686"
Sunnyside*,16,"3,122,632","2,644","2,284.589"
Cannabist,14,"3,250,229","15,547","1,530.537"
Sanctuary Cannabis,9,"689,111","9,879",556.469
GTI (Rise Dispensaries),7,"1,075,376","2,489","1,220.341"
MedMen,7,"1,182,660","9,571",532.897
Green Dragon,7,0,0,93.227
HT Medical Cannabis,2,"198,947",0,108.257
Insa – Cannabis for Real Life,0,0,0,0
Revolution Florida,0,0,0,0
Jungle Boys,1,"8,040",0,575.572
The Flowery,0,"1,153,076","7,774",81.439
Gold Leaf,0,0,0,0
"Cookies Florida, Inc.",0,0,0,0
"Planet 13 Florida, Inc.",N/A,N/A,N/A,N/A
Total,436,"257,734,850","3,627,623","77,459.802"
MMTC Dispensations for April 29 – May 5  2022
Trulieve,115,"95,956,207","1,405,168","33,539.262"
Curaleaf,48,"38,834,540","288,545","12,970.536"
Liberty Health Sciences,46,"23,459,190","50,877","3,411.370"
MüV,46,"26,209,226","376,414","7,054.465"
Surterra Wellness,44,"23,690,995","877,134","3,309.442"
Fluent,27,"10,683,883","18,650","2,717.238"
VidaCann,25,"5,426,210","183,681",869.222
GrowHealthy,18,"7,155,152","48,368","4,217.909"
Sunnyside*,16,"3,390,695","1,549","2,071.155"
Cannabist,14,"4,917,283","33,232","1,988.382"
Sanctuary Cannabis,8,"604,779","8,089",589.051
GTI (Rise Dispensaries),7,"1,217,429","12,449","1,490.479"
MedMen,7,"1,984,299","13,659",554.304
Green Dragon,5,0,0,81.082
HT Medical Cannabis,2,"134,965",65,108.900
Insa – Cannabis for Real Life,0,0,0,0
Revolution Florida,0,0,0,0
Jungle Boys,0,0,0,0
The Flowery,0,"14,500",0,67.451
Gold Leaf Florida,0,0,0,0
"Cookies Florida, Inc.",0,0,0,0
"Planet 13 Florida, Inc.",N/A,N/A,N/A,N/A
Total,428,"243,679,353","3,317,880","75,040.248"
MMTC Dispensations for November 4  – 10 2022
Trulieve,121,"121,204,292","1,638,243","40,835.520"
MüV,61,"31,149,213","209,692","9,494.751"
Curaleaf,52,"34,105,381","221,565","9,566.891"
Ayr Cannabis Dispensary,52,"30,374,977",0,"8,420.574"
Surterra Wellness,45,"27,568,296","1,108,276","5,127.355"
Fluent,28,"11,970,876","28,775","3,441.956"
VidaCann,26,"4,339,449","93,195",836.691
Sunnyside*,20,"3,863,138","56,421","1,676.119"
GrowHealthy,18,"4,558,478","8,272","3,589.282"
Sanctuary Cannabis,15,"2,313,838","23,810","1,551.060"
Cannabist,14,"3,846,976","1,200","1,396.550"
Green Dragon,14,"1,282,640",427,343.293
GTI (Rise Dispensaries),7,"1,368,303","11,572","1,201.093"
Sunburn,7,"474,085","8,896",482.846
HT Medical Cannabis,3,"807,261",829,232.452
Insa – Cannabis for Real Life,3,"168,704",0,80.561
Jungle Boys,2,"391,394",0,712.104
The Flowery,2,"2,466,256","3,260",998.010
"Cookies Florida, Inc.",1,"150,990",0,213.788
"Planet 13 Florida, Inc.",0,0,0,0
Revolution Florida,0,0,0,0
Gold Leaf,0,0,0,99.739
Total,491*,"282,404,547","3,414,433","90,300.635"
MMTC Dispensations for November 11 – 17 2022
Trulieve,122,"94,136,528","1,178,659","43,450.18"
MüV,61,"32,370,412","188,274","9,811.33"
Curaleaf,53,"36,729,097","249,775","9,327.14"
Ayr Cannabis Dispensary,52,"28,584,528","1,178","7,319.53"
Surterra Wellness,45,"26,376,318","1,198,937","5,352.65"
Fluent,28,"11,266,865","23,315","3,308.38"
VidaCann,26,"4,334,177","84,654",888.771
Sunnyside*,20,"3,608,127","20,287","1,603.92"
GrowHealthy,18,"6,429,383","8,227","3,265.34"
Sanctuary Cannabis,15,"2,249,490","41,076","1,563.613"
Cannabist,14,"5,385,533",900,1787.831
Green Dragon,14,"1,412,948","1,289",316.431
GTI (Rise Dispensaries),7,"1,427,037","11,733",1234.487
Sunburn,7,"682,457","5,614",787.517
HT Medical Cannabis,3,"627,409",126,288.318
Insa – Cannabis for Real Life,3,"264,834",0,112.403
Jungle Boys,3,"557,367",0,715.258
The Flowery,2,"4,506,558","6,238","1,251.416"
"Cookies Florida, Inc.",1,"126,421",0,228.358
"Planet 13 Florida, Inc.",0,0,0,0
Revolution Florida,0,0,0,0
Gold Leaf,0,0,0,102.247
Total,494*,"261,075,489","3,020,282","92,715.106"
MMTC Dispensations for November 18 – 24 2022
Trulieve,122,"100,597,595","1,431,490","42,178.365"
MüV,61,"39,461,653","204,054","9,213.835"
Curaleaf,52,"39,134,083","238,434","10,115.994"
Ayr Cannabis Dispensary,52,"38,188,894","1,670","7,791.096"
Surterra Wellness,45,"27,714,780","1,457,906","5,010.113"
Fluent,28,"13,449,817","21,240","3,449.402"
VidaCann,26,"4,426,246","71,100","1,059.354"
Sunnyside*,20,"4,381,041","84,152","1,957.682"
GrowHealthy,18,"5,043,387","2,742","2,843.889"
Sanctuary Cannabis,15,"2,073,328","25,534","1,485.360"
Cannabist,14,"4,206,354",0,"1,590.900"
Green Dragon,14,"1,430,394","1,175",326.167
GTI (Rise Dispensaries),7,"1,537,974","12,769","1,312.143"
Sunburn,7,"460,925","3,835",418.214
HT Medical Cannabis,3,"714,166",0,271.430
Insa – Cannabis for Real Life,3,"374,170",0,172.674
Jungle Boys,3,"665,724",0,969.001
The Flowery,2,"3,492,683",810,"1,102.540"
"Cookies Florida, Inc.",1,"136,047",0,203.535
"Planet 13 Florida, Inc.",0,0,0,0
Revolution Florida,0,0,0,0
Gold Leaf,0,0,0,105.609
Total,493*,"287,489,261","3,556,911","91,577.303"
MMTC Dispensations for October 28 – November 3  2022
Trulieve,121,"99,172,940","1,202,799","37,474.076"
MüV,61,"29,339,739","286,300","7,884.171"
Curaleaf,52,"38,632,587","310,865","9,209.425"
Ayr Cannabis Dispensary,52,"28,676,955",0,"8,415.597"
Surterra Wellness,45,"26,490,887","1,114,479","4,471.404"
Fluent,28,"10,539,162","30,955","2,914.063"
VidaCann,26,"5,507,041","112,482",963.216
Sunnyside*,20,"3,478,717","3,253","1,671.347"
GrowHealthy,18,"6,417,708","22,070","3,794.790"
Cannabist,14,"6,117,705","10,987","2,065.757"
Sanctuary Cannabis,14,"2,171,557","25,686","1,598.594"
Green Dragon,14,"1,504,141",0,351.531
GTI (Rise Dispensaries),7,"2,087,800","10,496","1,280.212"
Sunburn,7,"496,326","14,409",640.205
HT Medical Cannabis,3,"518,684",439,280.130
Jungle Boys,2,"356,554",0,739.490
Insa – Cannabis for Real Life,2,"134,455",0,85.248
The Flowery,2,"4,004,658","3,950",934.828
"Cookies Florida, Inc.",1,"154,261",0,214.389
"Planet 13 Florida, Inc.",0,0,0,0
Revolution Florida,0,0,0,0
Gold Leaf,0,0,0,91.796
Total,489*,"265,801,877","3,149,170","85,080.269"
MMTC Dispensations for October 7  – 13 2022
Trulieve,120,"91,766,220","1,199,358","38,697.189"
MüV,61,"27,029,740","225,661","6,303.430"
Curaleaf,52,"35,879,015","243,333","9,683.917"
Liberty Health Sciences,51,"29,079,836",0,"7,343.554"
Surterra Wellness,45,"26,393,009","985,246","4,578.906"
Fluent,28,"9,582,967","39,280","2,764.457"
VidaCann,26,"5,019,238","108,523","1,004.549"
Sunnyside*,20,"3,705,829","3,543","1,873.217"
GrowHealthy,18,"4,841,215","17,355","3,381.676"
Cannabist,14,"4,579,772","16,698","1,423.447"
Sanctuary Cannabis,14,"1,435,182","35,038","1,268.283"
Green Dragon,14,"1,053,593",814,300.893
GTI (Rise Dispensaries),7,"1,712,734","9,561","1,411.253"
Sunburn,7,"1,467,914","24,554",423.738
HT Medical Cannabis,3,"439,384",120,318.254
Jungle Boys,2,"539,241",0,684.482
Insa – Cannabis for Real Life,2,"198,250",0,99.822
The Flowery,1,"4,394,363","2,410",848.012
"Cookies Florida, Inc.",1,"107,125",0,195.847
"Planet 13 Florida, Inc.",0,0,0,0
Revolution Florida,0,0,0,0
Gold Leaf,0,0,0,59.564
Total,486*,"249,224,627","2,911,494","82,664.490"
MMTC Dispensations for October 14 – 20 2022
Trulieve,121,"91,432,919","1,027,533","41,980.198"
MüV,61,"23,824,809","242,117","6,487.862"
Curaleaf,52,"42,864,075","448,555","11,726.392"
Liberty Health Sciences,51,"32,081,402",0,"8,063.436"
Surterra Wellness,45,"24,740,621","968,352","4,628.367"
Fluent,28,"9,652,230","27,925","2,899.943"
VidaCann,26,"4,650,160","105,339",902.010
Sunnyside*,20,"3,480,863","7,309","1,782.619"
GrowHealthy,18,"4,542,133","12,942","4,048.884"
Cannabist,14,"3,721,830","14,703","1,705.652"
Sanctuary Cannabis,14,"1,733,099","22,113","1,349.729"
Green Dragon,14,"956,159",0,279.815
GTI (Rise Dispensaries),7,"1,391,392","6,128","1,065.089"
Sunburn,7,"1,246,206","24,938",647.066
HT Medical Cannabis,3,"528,227",0,302.997
Jungle Boys,2,"667,485",0,753.888
Insa – Cannabis for Real Life,2,"159,275",0,90.749
The Flowery,1,"1,731,896",810,748.019
"Cookies Florida, Inc.",1,"159,248",0,194.815
"Planet 13 Florida, Inc.",0,0,0,0
Revolution Florida,0,0,0,0
Gold Leaf,0,0,0,101.936
Total,487*,"249,564,029","2,908,764","89,759.466"
MMTC Dispensations for October 21 – 27 2022
Trulieve,121,"82,512,633","1,130,307","39,739.534"
MüV,61,"25,192,875","285,852","6,775.912"
Curaleaf,52,"32,609,205","259,192","10,646.332"
Liberty Health Sciences,52,"36,753,594",0,"9,644.926"
Surterra Wellness,45,"25,665,735","1,193,969","4,376.311"
Fluent,28,"10,362,936","24,140","2,952.359"
VidaCann,26,"4,739,136","106,637",964.647
Sunnyside*,20,"3,744,431","4,772","1,670.017"
GrowHealthy,18,"5,985,637","16,636","2,914.885"
Cannabist,14,"4,177,967","9,300","1,320.657"
Sanctuary Cannabis,14,"1,680,236","28,172","1,372.619"
Green Dragon,14,"1,372,017",0,332.180
GTI (Rise Dispensaries),7,"1,448,757","10,621","1,296.442"
Sunburn,7,"648,580","10,242",587.172
HT Medical Cannabis,3,"425,073",130,282.437
Jungle Boys,2,"609,159",0,731.315
Insa – Cannabis for Real Life,2,"296,856",0,174.988
The Flowery,1,"2,986,804","2,830",937.655
"Cookies Florida, Inc.",1,"189,951",0,225.254
"Planet 13 Florida, Inc.",0,0,0,0
Revolution Florida,0,0,0,0
Gold Leaf,0,0,0,72.239
Total,488*,"241,401,582","3,082,800","87,017.881"
MMTC Dispensations for September 30 – October 6  2022
Trulieve,120,"85,295,007","1,010,988","39,313.914"
MüV,61,"28,124,863","103,699","6,078.954"
Curaleaf,52,"33,157,398","150,285","9,241.033"
Liberty Health Sciences,51,"23,860,512",0,"7,175.053"
Surterra Wellness,45,"22,613,327","1,020,324","4,939.661"
Fluent,28,"10,109,765","30,623","2,745.203"
VidaCann,26,"3,928,433","96,776",790.863
Sunnyside*,19,"2,890,770","4,061","1,606.022"
GrowHealthy,18,"4,767,254","21,587","3,130.309"
Cannabist,14,"4,128,444","14,250","1,534.579"
Sanctuary Cannabis,14,"1,184,716","27,986","1,062.841"
Green Dragon,14,"779,560",752,348.137
GTI (Rise Dispensaries),7,"1,529,748","7,365","1,258.630"
Sunburn,7,"734,861","18,572",400.978
HT Medical Cannabis,3,"519,371",0,351.066
Jungle Boys,2,"742,218",0,656.565
Insa – Cannabis for Real Life,2,"173,580",0,63.730
The Flowery,1,"2,772,362",0,903.026
"Cookies Florida, Inc.",1,"147,920",0,221.621
"Planet 13 Florida, Inc.",0,0,0,0
Revolution Florida,0,0,0,0
Gold Leaf,0,0,0,41.243
Total,485*,"227,460,109","2,507,268","81,863.428"
MMTC Dispensations for September 9 – 15 2022
Trulieve,120,"81,698,333","1,051,763","37,843.345"
MüV,59,"22,089,687","109,931","6,615.783"
Curaleaf,51,"35,641,674","180,775","11,810.340"
Liberty Health Sciences,51,"33,203,770",0,"8,002.494"
Surterra Wellness,45,"27,795,429","1,001,114","5,126.116"
Fluent,27,"8,754,706","71,975","2,871.328"
VidaCann,25,"6,168,213","88,136","1,780.468"
Sunnyside*,19,"3,562,658","34,861","2,313.434"
GrowHealthy,18,"4,196,559","18,761","2,079.692"
Cannabist,14,"3,366,480","8,400","1,265.407"
Sanctuary Cannabis,12,"984,168","28,211","1,357.891"
Green Dragon,12,"611,911",0,305.156
GTI (Rise Dispensaries),7,"950,488","7,202",969.691
Green Sentry Holdings,7,"901,952","21,795",400.416
HT Medical Cannabis,3,"736,244",174,346.837
Jungle Boys,2,"511,181",0,675.848
Insa – Cannabis for Real Life,1,"80,897",0,36.311
The Flowery,1,"1,426,265",0,782.954
"Cookies Florida, Inc.",1,"219,256",0,247.873
"Planet 13 Florida, Inc.",0,0,0,0
Revolution Florida,0,0,0,0
Gold Leaf,0,0,0,0.750
Total,475*,"232,899,871","2,623,098","84,832.134"
MMTC Dispensations for August 26 – September 1  2022
Trulieve,120,"99,795,776","1,230,391","37,253.563"
MüV,59,"30,140,353","108,883","5,347.640"
Curaleaf,51,"46,172,613","297,491","11,069.660"
Liberty Health Sciences,50,"34,838,055","2,258","5,165.962"
Surterra Wellness,45,"22,037,347","995,575","5,509.702"
Fluent,27,"11,015,470","218,775","2,463.933"
VidaCann,25,"4,519,148","88,582","1,469.139"
GrowHealthy,18,"10,086,224","68,805","4,405.133"
Sunnyside*,18,"3,026,981","37,535","1,864.941"
Cannabist,14,"3,649,865","8,550","1,570.814"
Sanctuary Cannabis,11,"1,146,028","19,604","1,388.383"
Green Dragon,11,"411,302",0,290.060
GTI (Rise Dispensaries),7,"1,538,760","14,790","1,493.200"
Green Sentry Holdings,7,"601,885","10,425",311.461
HT Medical Cannabis,3,"614,303",0,343.644
Jungle Boys,2,"747,852",0,612.628
Insa – Cannabis for Real Life,1,"88,227",0,40.414
The Flowery,1,"1,195,273",0,438.386
"Cookies Florida, Inc.",1,"121,054",0,310.266
"Planet 13 Florida, Inc.",0,0,0,0
Revolution Florida,0,0,0,0
Gold Leaf,0,0,0,0
Total,471*,"271,746,516","3,101,664","81,348.929"
MMTC Dispensations for September 16 – 22 2022
Trulieve,121,"86,523,430","1,116,700","35,335.582"
MüV,60,"28,119,482","119,458","7,259.674"
Curaleaf,51,"42,619,978","189,134","12,580.657"
Liberty Health Sciences,51,"31,867,286",0,"6,694.443"
Surterra Wellness,45,"22,967,938","1,176,563","5,378.513"
Fluent,28,"10,431,010","58,059","3,014.376"
VidaCann,25,"4,672,538","82,523",929.662
Sunnyside*,19,"3,401,721","16,155","1,991.361"
GrowHealthy,18,"6,301,873","24,181","3,198.846"
Cannabist,14,"4,097,916","8,400","1,516.874"
Sanctuary Cannabis,13,"968,063","34,719","1,220.301"
Green Dragon,12,"541,035","1,737",278.926
GTI (Rise Dispensaries),7,"1,236,369","13,482","1,169.364"
Green Sentry Holdings,7,"1,147,301","30,106",468.398
HT Medical Cannabis,3,"594,436",0,295.118
Jungle Boys,2,"499,921",0,622.054
Insa – Cannabis for Real Life,2,"121,307",0,37.060
The Flowery,1,"4,407,888",0,804.137
"Cookies Florida, Inc.",1,"130,512",0,218.754
"Planet 13 Florida, Inc.",0,0,0,0
Revolution Florida,0,0,0,0
Gold Leaf,0,0,0,54.879
Total,480*,"250,650,004","2,871,217","83,068.979"
MMTC Dispensations for September 23 – 29 2022
Trulieve,121,"88,201,146","1,047,949","36,161.462"
MüV,61,"25,650,714","97,913","8,650.560"
Curaleaf,52,"40,205,229","200,290","11,118.839"
Liberty Health Sciences,51,"29,816,104",0,"8,141.086"
Surterra Wellness,45,"24,154,387","885,041","5,820.415"
Fluent,28,"11,250,958","45,050","4,000.515"
VidaCann,26,"5,116,954","75,785","1,264.972"
Sunnyside*,19,"4,024,139","7,426","1,929.758"
GrowHealthy,18,"4,999,037","21,672","3,497.148"
Cannabist,14,"7,463,961","18,487","2,441.212"
Sanctuary Cannabis,14,"721,385","33,021",912.890
Green Dragon,14,"449,268",847,264.265
GTI (Rise Dispensaries),7,"990,299","6,772","1,149.585"
Sunburn,7,"696,278","22,059",389.012
HT Medical Cannabis,3,"618,177",0,290.901
Jungle Boys,2,"549,095",0,564.890
Insa – Cannabis for Real Life,2,"60,747",0,38.272
The Flowery,1,"2,075,717",0,570.951
"Cookies Florida, Inc.",1,"190,589",0,263.923
"Planet 13 Florida, Inc.",0,0,0,0
Revolution Florida,0,0,0,0
Gold Leaf,0,0,0,51.500
Total,486*,"247,234,184","2,462,312","87,522.156"
MMTC Dispensations for September 2  – 8 2022
Trulieve,120,"87,902,643","1,304,455","34,091.965"
MüV,59,"24,517,269","127,591","6,595.127"
Curaleaf,51,"42,389,313","251,487","11,083.021"
Liberty Health Sciences,51,"29,584,026",0,"5,895.503"
Surterra Wellness,45,"20,567,455","340,925","6,430.033"
Fluent,27,"9,457,402","105,125","2,340.619"
VidaCann,25,"4,726,534","81,274","1,368.724"
Sunnyside*,19,"3,277,632","48,015","2,010.465"
GrowHealthy,18,"6,418,718","47,455","3,749.834"
Cannabist,14,"3,213,957","11,531","1,581.421"
Sanctuary Cannabis,12,"991,733","14,635","1,191.777"
Green Dragon,11,"490,750",0,327.933
GTI (Rise Dispensaries),7,"1,477,485","11,690","1,315.232"
Green Sentry Holdings,7,"522,857","5,620",269.915
HT Medical Cannabis,3,"513,407",0,232.794
Jungle Boys,2,"771,545",0,"1,009.428"
Insa – Cannabis for Real Life,1,"88,403",0,37.901
The Flowery,1,"1,475,717","3,400",716.270
"Cookies Florida, Inc.",1,"273,901",0,309.976
"Planet 13 Florida, Inc.",0,0,0,0
Revolution Florida,0,0,0,0
Gold Leaf,0,0,0,0
Total,474*,"238,660,747","2,353,203","80,557.938"
